{
  "0": {
    "precision": 0.5955056179775281,
    "recall": 0.6625,
    "f1-score": 0.6272189349112426,
    "support": 80.0
  },
  "1": {
    "precision": 0.6197183098591549,
    "recall": 0.55,
    "f1-score": 0.5827814569536424,
    "support": 80.0
  },
  "accuracy": 0.60625,
  "macro avg": {
    "precision": 0.6076119639183415,
    "recall": 0.60625,
    "f1-score": 0.6050001959324425,
    "support": 160.0
  },
  "weighted avg": {
    "precision": 0.6076119639183415,
    "recall": 0.60625,
    "f1-score": 0.6050001959324425,
    "support": 160.0
  }
}