{
  "0": {
    "precision": 0.5274725274725275,
    "recall": 0.6,
    "f1-score": 0.5614035087719298,
    "support": 80.0
  },
  "1": {
    "precision": 0.5362318840579711,
    "recall": 0.4625,
    "f1-score": 0.4966442953020134,
    "support": 80.0
  },
  "accuracy": 0.53125,
  "macro avg": {
    "precision": 0.5318522057652493,
    "recall": 0.53125,
    "f1-score": 0.5290239020369716,
    "support": 160.0
  },
  "weighted avg": {
    "precision": 0.5318522057652493,
    "recall": 0.53125,
    "f1-score": 0.5290239020369716,
    "support": 160.0
  }
}